{
  "rmse": 0.09364235508061343,
  "mae": 0.050010394743098346,
  "n": 999
}